version,id,code,name,countryid,,start,id,code,name,countryid,end,script
0,1,1000,Overtime,740,,"<changeSet onValidationFail=""MARK_RAN"" id=""data_general_ledger_template_1_0"" author=""cxode""> <customChange class=""com.cxode.app.wage.liquibase.DataGeneralLedgerTemplate"">","<param name=""id"" value=""1""></param>","<param name=""code"" value=""1000""></param>","<param name=""name"" value=""Overtime""></param>","<param name=""countryid"" value=""740""></param>",</customChange></changeSet>,"<changeSet onValidationFail=""MARK_RAN"" id=""data_general_ledger_template_1_0"" author=""cxode""> <customChange class=""com.cxode.app.wage.liquibase.DataGeneralLedgerTemplate""><param name=""id"" value=""1""></param><param name=""code"" value=""1000""></param><param name=""name"" value=""Overtime""></param><param name=""countryid"" value=""740""></param></customChange></changeSet>"
0,2,1100,Vacation allowance,740,,"<changeSet onValidationFail=""MARK_RAN"" id=""data_general_ledger_template_2_0"" author=""cxode""> <customChange class=""com.cxode.app.wage.liquibase.DataGeneralLedgerTemplate"">","<param name=""id"" value=""2""></param>","<param name=""code"" value=""1100""></param>","<param name=""name"" value=""Vacation allowance""></param>","<param name=""countryid"" value=""740""></param>",</customChange></changeSet>,"<changeSet onValidationFail=""MARK_RAN"" id=""data_general_ledger_template_2_0"" author=""cxode""> <customChange class=""com.cxode.app.wage.liquibase.DataGeneralLedgerTemplate""><param name=""id"" value=""2""></param><param name=""code"" value=""1100""></param><param name=""name"" value=""Vacation allowance""></param><param name=""countryid"" value=""740""></param></customChange></changeSet>"
0,3,1200,Bonus,740,,"<changeSet onValidationFail=""MARK_RAN"" id=""data_general_ledger_template_3_0"" author=""cxode""> <customChange class=""com.cxode.app.wage.liquibase.DataGeneralLedgerTemplate"">","<param name=""id"" value=""3""></param>","<param name=""code"" value=""1200""></param>","<param name=""name"" value=""Bonus""></param>","<param name=""countryid"" value=""740""></param>",</customChange></changeSet>,"<changeSet onValidationFail=""MARK_RAN"" id=""data_general_ledger_template_3_0"" author=""cxode""> <customChange class=""com.cxode.app.wage.liquibase.DataGeneralLedgerTemplate""><param name=""id"" value=""3""></param><param name=""code"" value=""1200""></param><param name=""name"" value=""Bonus""></param><param name=""countryid"" value=""740""></param></customChange></changeSet>"
0,4,1300,Child allowance,740,,"<changeSet onValidationFail=""MARK_RAN"" id=""data_general_ledger_template_4_0"" author=""cxode""> <customChange class=""com.cxode.app.wage.liquibase.DataGeneralLedgerTemplate"">","<param name=""id"" value=""4""></param>","<param name=""code"" value=""1300""></param>","<param name=""name"" value=""Child allowance""></param>","<param name=""countryid"" value=""740""></param>",</customChange></changeSet>,"<changeSet onValidationFail=""MARK_RAN"" id=""data_general_ledger_template_4_0"" author=""cxode""> <customChange class=""com.cxode.app.wage.liquibase.DataGeneralLedgerTemplate""><param name=""id"" value=""4""></param><param name=""code"" value=""1300""></param><param name=""name"" value=""Child allowance""></param><param name=""countryid"" value=""740""></param></customChange></changeSet>"
0,5,1400,Lump sum,740,,"<changeSet onValidationFail=""MARK_RAN"" id=""data_general_ledger_template_5_0"" author=""cxode""> <customChange class=""com.cxode.app.wage.liquibase.DataGeneralLedgerTemplate"">","<param name=""id"" value=""5""></param>","<param name=""code"" value=""1400""></param>","<param name=""name"" value=""Lump sum""></param>","<param name=""countryid"" value=""740""></param>",</customChange></changeSet>,"<changeSet onValidationFail=""MARK_RAN"" id=""data_general_ledger_template_5_0"" author=""cxode""> <customChange class=""com.cxode.app.wage.liquibase.DataGeneralLedgerTemplate""><param name=""id"" value=""5""></param><param name=""code"" value=""1400""></param><param name=""name"" value=""Lump sum""></param><param name=""countryid"" value=""740""></param></customChange></changeSet>"
0,6,1500,Jubilee,740,,"<changeSet onValidationFail=""MARK_RAN"" id=""data_general_ledger_template_6_0"" author=""cxode""> <customChange class=""com.cxode.app.wage.liquibase.DataGeneralLedgerTemplate"">","<param name=""id"" value=""6""></param>","<param name=""code"" value=""1500""></param>","<param name=""name"" value=""Jubilee""></param>","<param name=""countryid"" value=""740""></param>",</customChange></changeSet>,"<changeSet onValidationFail=""MARK_RAN"" id=""data_general_ledger_template_6_0"" author=""cxode""> <customChange class=""com.cxode.app.wage.liquibase.DataGeneralLedgerTemplate""><param name=""id"" value=""6""></param><param name=""code"" value=""1500""></param><param name=""name"" value=""Jubilee""></param><param name=""countryid"" value=""740""></param></customChange></changeSet>"
0,7,1600,Extra earnings,740,,"<changeSet onValidationFail=""MARK_RAN"" id=""data_general_ledger_template_7_0"" author=""cxode""> <customChange class=""com.cxode.app.wage.liquibase.DataGeneralLedgerTemplate"">","<param name=""id"" value=""7""></param>","<param name=""code"" value=""1600""></param>","<param name=""name"" value=""Extra earnings""></param>","<param name=""countryid"" value=""740""></param>",</customChange></changeSet>,"<changeSet onValidationFail=""MARK_RAN"" id=""data_general_ledger_template_7_0"" author=""cxode""> <customChange class=""com.cxode.app.wage.liquibase.DataGeneralLedgerTemplate""><param name=""id"" value=""7""></param><param name=""code"" value=""1600""></param><param name=""name"" value=""Extra earnings""></param><param name=""countryid"" value=""740""></param></customChange></changeSet>"
0,8,1700,AOV premium,740,,"<changeSet onValidationFail=""MARK_RAN"" id=""data_general_ledger_template_8_0"" author=""cxode""> <customChange class=""com.cxode.app.wage.liquibase.DataGeneralLedgerTemplate"">","<param name=""id"" value=""8""></param>","<param name=""code"" value=""1700""></param>","<param name=""name"" value=""AOV premium""></param>","<param name=""countryid"" value=""740""></param>",</customChange></changeSet>,"<changeSet onValidationFail=""MARK_RAN"" id=""data_general_ledger_template_8_0"" author=""cxode""> <customChange class=""com.cxode.app.wage.liquibase.DataGeneralLedgerTemplate""><param name=""id"" value=""8""></param><param name=""code"" value=""1700""></param><param name=""name"" value=""AOV premium""></param><param name=""countryid"" value=""740""></param></customChange></changeSet>"
0,9,1800,AOV overtime,740,,"<changeSet onValidationFail=""MARK_RAN"" id=""data_general_ledger_template_9_0"" author=""cxode""> <customChange class=""com.cxode.app.wage.liquibase.DataGeneralLedgerTemplate"">","<param name=""id"" value=""9""></param>","<param name=""code"" value=""1800""></param>","<param name=""name"" value=""AOV overtime""></param>","<param name=""countryid"" value=""740""></param>",</customChange></changeSet>,"<changeSet onValidationFail=""MARK_RAN"" id=""data_general_ledger_template_9_0"" author=""cxode""> <customChange class=""com.cxode.app.wage.liquibase.DataGeneralLedgerTemplate""><param name=""id"" value=""9""></param><param name=""code"" value=""1800""></param><param name=""name"" value=""AOV overtime""></param><param name=""countryid"" value=""740""></param></customChange></changeSet>"
0,10,1900,AOV vacation allowance,740,,"<changeSet onValidationFail=""MARK_RAN"" id=""data_general_ledger_template_10_0"" author=""cxode""> <customChange class=""com.cxode.app.wage.liquibase.DataGeneralLedgerTemplate"">","<param name=""id"" value=""10""></param>","<param name=""code"" value=""1900""></param>","<param name=""name"" value=""AOV vacation allowance""></param>","<param name=""countryid"" value=""740""></param>",</customChange></changeSet>,"<changeSet onValidationFail=""MARK_RAN"" id=""data_general_ledger_template_10_0"" author=""cxode""> <customChange class=""com.cxode.app.wage.liquibase.DataGeneralLedgerTemplate""><param name=""id"" value=""10""></param><param name=""code"" value=""1900""></param><param name=""name"" value=""AOV vacation allowance""></param><param name=""countryid"" value=""740""></param></customChange></changeSet>"
0,11,2000,AOV bonus,740,,"<changeSet onValidationFail=""MARK_RAN"" id=""data_general_ledger_template_11_0"" author=""cxode""> <customChange class=""com.cxode.app.wage.liquibase.DataGeneralLedgerTemplate"">","<param name=""id"" value=""11""></param>","<param name=""code"" value=""2000""></param>","<param name=""name"" value=""AOV bonus""></param>","<param name=""countryid"" value=""740""></param>",</customChange></changeSet>,"<changeSet onValidationFail=""MARK_RAN"" id=""data_general_ledger_template_11_0"" author=""cxode""> <customChange class=""com.cxode.app.wage.liquibase.DataGeneralLedgerTemplate""><param name=""id"" value=""11""></param><param name=""code"" value=""2000""></param><param name=""name"" value=""AOV bonus""></param><param name=""countryid"" value=""740""></param></customChange></changeSet>"
0,12,2100,AOV child allowance,740,,"<changeSet onValidationFail=""MARK_RAN"" id=""data_general_ledger_template_12_0"" author=""cxode""> <customChange class=""com.cxode.app.wage.liquibase.DataGeneralLedgerTemplate"">","<param name=""id"" value=""12""></param>","<param name=""code"" value=""2100""></param>","<param name=""name"" value=""AOV child allowance""></param>","<param name=""countryid"" value=""740""></param>",</customChange></changeSet>,"<changeSet onValidationFail=""MARK_RAN"" id=""data_general_ledger_template_12_0"" author=""cxode""> <customChange class=""com.cxode.app.wage.liquibase.DataGeneralLedgerTemplate""><param name=""id"" value=""12""></param><param name=""code"" value=""2100""></param><param name=""name"" value=""AOV child allowance""></param><param name=""countryid"" value=""740""></param></customChange></changeSet>"
0,13,2200,AOV lump sum,740,,"<changeSet onValidationFail=""MARK_RAN"" id=""data_general_ledger_template_13_0"" author=""cxode""> <customChange class=""com.cxode.app.wage.liquibase.DataGeneralLedgerTemplate"">","<param name=""id"" value=""13""></param>","<param name=""code"" value=""2200""></param>","<param name=""name"" value=""AOV lump sum""></param>","<param name=""countryid"" value=""740""></param>",</customChange></changeSet>,"<changeSet onValidationFail=""MARK_RAN"" id=""data_general_ledger_template_13_0"" author=""cxode""> <customChange class=""com.cxode.app.wage.liquibase.DataGeneralLedgerTemplate""><param name=""id"" value=""13""></param><param name=""code"" value=""2200""></param><param name=""name"" value=""AOV lump sum""></param><param name=""countryid"" value=""740""></param></customChange></changeSet>"
0,14,2300,AOV extra earnings,740,,"<changeSet onValidationFail=""MARK_RAN"" id=""data_general_ledger_template_14_0"" author=""cxode""> <customChange class=""com.cxode.app.wage.liquibase.DataGeneralLedgerTemplate"">","<param name=""id"" value=""14""></param>","<param name=""code"" value=""2300""></param>","<param name=""name"" value=""AOV extra earnings""></param>","<param name=""countryid"" value=""740""></param>",</customChange></changeSet>,"<changeSet onValidationFail=""MARK_RAN"" id=""data_general_ledger_template_14_0"" author=""cxode""> <customChange class=""com.cxode.app.wage.liquibase.DataGeneralLedgerTemplate""><param name=""id"" value=""14""></param><param name=""code"" value=""2300""></param><param name=""name"" value=""AOV extra earnings""></param><param name=""countryid"" value=""740""></param></customChange></changeSet>"
0,15,2400,Wage tax,740,,"<changeSet onValidationFail=""MARK_RAN"" id=""data_general_ledger_template_15_0"" author=""cxode""> <customChange class=""com.cxode.app.wage.liquibase.DataGeneralLedgerTemplate"">","<param name=""id"" value=""15""></param>","<param name=""code"" value=""2400""></param>","<param name=""name"" value=""Wage tax""></param>","<param name=""countryid"" value=""740""></param>",</customChange></changeSet>,"<changeSet onValidationFail=""MARK_RAN"" id=""data_general_ledger_template_15_0"" author=""cxode""> <customChange class=""com.cxode.app.wage.liquibase.DataGeneralLedgerTemplate""><param name=""id"" value=""15""></param><param name=""code"" value=""2400""></param><param name=""name"" value=""Wage tax""></param><param name=""countryid"" value=""740""></param></customChange></changeSet>"
0,16,2500,Wage tax overtime,740,,"<changeSet onValidationFail=""MARK_RAN"" id=""data_general_ledger_template_16_0"" author=""cxode""> <customChange class=""com.cxode.app.wage.liquibase.DataGeneralLedgerTemplate"">","<param name=""id"" value=""16""></param>","<param name=""code"" value=""2500""></param>","<param name=""name"" value=""Wage tax overtime""></param>","<param name=""countryid"" value=""740""></param>",</customChange></changeSet>,"<changeSet onValidationFail=""MARK_RAN"" id=""data_general_ledger_template_16_0"" author=""cxode""> <customChange class=""com.cxode.app.wage.liquibase.DataGeneralLedgerTemplate""><param name=""id"" value=""16""></param><param name=""code"" value=""2500""></param><param name=""name"" value=""Wage tax overtime""></param><param name=""countryid"" value=""740""></param></customChange></changeSet>"
0,17,2600,Wage tax vacation allowance,740,,"<changeSet onValidationFail=""MARK_RAN"" id=""data_general_ledger_template_17_0"" author=""cxode""> <customChange class=""com.cxode.app.wage.liquibase.DataGeneralLedgerTemplate"">","<param name=""id"" value=""17""></param>","<param name=""code"" value=""2600""></param>","<param name=""name"" value=""Wage tax vacation allowance""></param>","<param name=""countryid"" value=""740""></param>",</customChange></changeSet>,"<changeSet onValidationFail=""MARK_RAN"" id=""data_general_ledger_template_17_0"" author=""cxode""> <customChange class=""com.cxode.app.wage.liquibase.DataGeneralLedgerTemplate""><param name=""id"" value=""17""></param><param name=""code"" value=""2600""></param><param name=""name"" value=""Wage tax vacation allowance""></param><param name=""countryid"" value=""740""></param></customChange></changeSet>"
0,18,2700,Wage tax bonus,740,,"<changeSet onValidationFail=""MARK_RAN"" id=""data_general_ledger_template_18_0"" author=""cxode""> <customChange class=""com.cxode.app.wage.liquibase.DataGeneralLedgerTemplate"">","<param name=""id"" value=""18""></param>","<param name=""code"" value=""2700""></param>","<param name=""name"" value=""Wage tax bonus""></param>","<param name=""countryid"" value=""740""></param>",</customChange></changeSet>,"<changeSet onValidationFail=""MARK_RAN"" id=""data_general_ledger_template_18_0"" author=""cxode""> <customChange class=""com.cxode.app.wage.liquibase.DataGeneralLedgerTemplate""><param name=""id"" value=""18""></param><param name=""code"" value=""2700""></param><param name=""name"" value=""Wage tax bonus""></param><param name=""countryid"" value=""740""></param></customChange></changeSet>"
0,19,2800,Wage tax child allowance,740,,"<changeSet onValidationFail=""MARK_RAN"" id=""data_general_ledger_template_19_0"" author=""cxode""> <customChange class=""com.cxode.app.wage.liquibase.DataGeneralLedgerTemplate"">","<param name=""id"" value=""19""></param>","<param name=""code"" value=""2800""></param>","<param name=""name"" value=""Wage tax child allowance""></param>","<param name=""countryid"" value=""740""></param>",</customChange></changeSet>,"<changeSet onValidationFail=""MARK_RAN"" id=""data_general_ledger_template_19_0"" author=""cxode""> <customChange class=""com.cxode.app.wage.liquibase.DataGeneralLedgerTemplate""><param name=""id"" value=""19""></param><param name=""code"" value=""2800""></param><param name=""name"" value=""Wage tax child allowance""></param><param name=""countryid"" value=""740""></param></customChange></changeSet>"
0,20,2900,Wage tax lump sum,740,,"<changeSet onValidationFail=""MARK_RAN"" id=""data_general_ledger_template_20_0"" author=""cxode""> <customChange class=""com.cxode.app.wage.liquibase.DataGeneralLedgerTemplate"">","<param name=""id"" value=""20""></param>","<param name=""code"" value=""2900""></param>","<param name=""name"" value=""Wage tax lump sum""></param>","<param name=""countryid"" value=""740""></param>",</customChange></changeSet>,"<changeSet onValidationFail=""MARK_RAN"" id=""data_general_ledger_template_20_0"" author=""cxode""> <customChange class=""com.cxode.app.wage.liquibase.DataGeneralLedgerTemplate""><param name=""id"" value=""20""></param><param name=""code"" value=""2900""></param><param name=""name"" value=""Wage tax lump sum""></param><param name=""countryid"" value=""740""></param></customChange></changeSet>"
0,21,3000,Wage tax extra earnings,740,,"<changeSet onValidationFail=""MARK_RAN"" id=""data_general_ledger_template_21_0"" author=""cxode""> <customChange class=""com.cxode.app.wage.liquibase.DataGeneralLedgerTemplate"">","<param name=""id"" value=""21""></param>","<param name=""code"" value=""3000""></param>","<param name=""name"" value=""Wage tax extra earnings""></param>","<param name=""countryid"" value=""740""></param>",</customChange></changeSet>,"<changeSet onValidationFail=""MARK_RAN"" id=""data_general_ledger_template_21_0"" author=""cxode""> <customChange class=""com.cxode.app.wage.liquibase.DataGeneralLedgerTemplate""><param name=""id"" value=""21""></param><param name=""code"" value=""3000""></param><param name=""name"" value=""Wage tax extra earnings""></param><param name=""countryid"" value=""740""></param></customChange></changeSet>"
0,22,3100,Netwage,740,,"<changeSet onValidationFail=""MARK_RAN"" id=""data_general_ledger_template_22_0"" author=""cxode""> <customChange class=""com.cxode.app.wage.liquibase.DataGeneralLedgerTemplate"">","<param name=""id"" value=""22""></param>","<param name=""code"" value=""3100""></param>","<param name=""name"" value=""Netwage""></param>","<param name=""countryid"" value=""740""></param>",</customChange></changeSet>,"<changeSet onValidationFail=""MARK_RAN"" id=""data_general_ledger_template_22_0"" author=""cxode""> <customChange class=""com.cxode.app.wage.liquibase.DataGeneralLedgerTemplate""><param name=""id"" value=""22""></param><param name=""code"" value=""3100""></param><param name=""name"" value=""Netwage""></param><param name=""countryid"" value=""740""></param></customChange></changeSet>"
0,23,3200,Rounding,740,,"<changeSet onValidationFail=""MARK_RAN"" id=""data_general_ledger_template_23_0"" author=""cxode""> <customChange class=""com.cxode.app.wage.liquibase.DataGeneralLedgerTemplate"">","<param name=""id"" value=""23""></param>","<param name=""code"" value=""3200""></param>","<param name=""name"" value=""Rounding""></param>","<param name=""countryid"" value=""740""></param>",</customChange></changeSet>,"<changeSet onValidationFail=""MARK_RAN"" id=""data_general_ledger_template_23_0"" author=""cxode""> <customChange class=""com.cxode.app.wage.liquibase.DataGeneralLedgerTemplate""><param name=""id"" value=""23""></param><param name=""code"" value=""3200""></param><param name=""name"" value=""Rounding""></param><param name=""countryid"" value=""740""></param></customChange></changeSet>"
0,24,3300,Gross wages,740,,"<changeSet onValidationFail=""MARK_RAN"" id=""data_general_ledger_template_24_0"" author=""cxode""> <customChange class=""com.cxode.app.wage.liquibase.DataGeneralLedgerTemplate"">","<param name=""id"" value=""24""></param>","<param name=""code"" value=""3300""></param>","<param name=""name"" value=""Gross wages""></param>","<param name=""countryid"" value=""740""></param>",</customChange></changeSet>,"<changeSet onValidationFail=""MARK_RAN"" id=""data_general_ledger_template_24_0"" author=""cxode""> <customChange class=""com.cxode.app.wage.liquibase.DataGeneralLedgerTemplate""><param name=""id"" value=""24""></param><param name=""code"" value=""3300""></param><param name=""name"" value=""Gross wages""></param><param name=""countryid"" value=""740""></param></customChange></changeSet>"
0,26,3500,Loan,740,,"<changeSet onValidationFail=""MARK_RAN"" id=""data_general_ledger_template_26_0"" author=""cxode""> <customChange class=""com.cxode.app.wage.liquibase.DataGeneralLedgerTemplate"">","<param name=""id"" value=""26""></param>","<param name=""code"" value=""3500""></param>","<param name=""name"" value=""Loan""></param>","<param name=""countryid"" value=""740""></param>",</customChange></changeSet>,"<changeSet onValidationFail=""MARK_RAN"" id=""data_general_ledger_template_26_0"" author=""cxode""> <customChange class=""com.cxode.app.wage.liquibase.DataGeneralLedgerTemplate""><param name=""id"" value=""26""></param><param name=""code"" value=""3500""></param><param name=""name"" value=""Loan""></param><param name=""countryid"" value=""740""></param></customChange></changeSet>"
0,27,3600,Savings,740,,"<changeSet onValidationFail=""MARK_RAN"" id=""data_general_ledger_template_27_0"" author=""cxode""> <customChange class=""com.cxode.app.wage.liquibase.DataGeneralLedgerTemplate"">","<param name=""id"" value=""27""></param>","<param name=""code"" value=""3600""></param>","<param name=""name"" value=""Savings""></param>","<param name=""countryid"" value=""740""></param>",</customChange></changeSet>,"<changeSet onValidationFail=""MARK_RAN"" id=""data_general_ledger_template_27_0"" author=""cxode""> <customChange class=""com.cxode.app.wage.liquibase.DataGeneralLedgerTemplate""><param name=""id"" value=""27""></param><param name=""code"" value=""3600""></param><param name=""name"" value=""Savings""></param><param name=""countryid"" value=""740""></param></customChange></changeSet>"
0,28,3700,Wages in kind,740,,"<changeSet onValidationFail=""MARK_RAN"" id=""data_general_ledger_template_28_0"" author=""cxode""> <customChange class=""com.cxode.app.wage.liquibase.DataGeneralLedgerTemplate"">","<param name=""id"" value=""28""></param>","<param name=""code"" value=""3700""></param>","<param name=""name"" value=""Wages in kind""></param>","<param name=""countryid"" value=""740""></param>",</customChange></changeSet>,"<changeSet onValidationFail=""MARK_RAN"" id=""data_general_ledger_template_28_0"" author=""cxode""> <customChange class=""com.cxode.app.wage.liquibase.DataGeneralLedgerTemplate""><param name=""id"" value=""28""></param><param name=""code"" value=""3700""></param><param name=""name"" value=""Wages in kind""></param><param name=""countryid"" value=""740""></param></customChange></changeSet>"
0,29,3800,Non taxable allowance,740,,"<changeSet onValidationFail=""MARK_RAN"" id=""data_general_ledger_template_29_0"" author=""cxode""> <customChange class=""com.cxode.app.wage.liquibase.DataGeneralLedgerTemplate"">","<param name=""id"" value=""29""></param>","<param name=""code"" value=""3800""></param>","<param name=""name"" value=""Non taxable allowance""></param>","<param name=""countryid"" value=""740""></param>",</customChange></changeSet>,"<changeSet onValidationFail=""MARK_RAN"" id=""data_general_ledger_template_29_0"" author=""cxode""> <customChange class=""com.cxode.app.wage.liquibase.DataGeneralLedgerTemplate""><param name=""id"" value=""29""></param><param name=""code"" value=""3800""></param><param name=""name"" value=""Non taxable allowance""></param><param name=""countryid"" value=""740""></param></customChange></changeSet>"
0,30,3900,Tax deductible,740,,"<changeSet onValidationFail=""MARK_RAN"" id=""data_general_ledger_template_30_0"" author=""cxode""> <customChange class=""com.cxode.app.wage.liquibase.DataGeneralLedgerTemplate"">","<param name=""id"" value=""30""></param>","<param name=""code"" value=""3900""></param>","<param name=""name"" value=""Tax deductible""></param>","<param name=""countryid"" value=""740""></param>",</customChange></changeSet>,"<changeSet onValidationFail=""MARK_RAN"" id=""data_general_ledger_template_30_0"" author=""cxode""> <customChange class=""com.cxode.app.wage.liquibase.DataGeneralLedgerTemplate""><param name=""id"" value=""30""></param><param name=""code"" value=""3900""></param><param name=""name"" value=""Tax deductible""></param><param name=""countryid"" value=""740""></param></customChange></changeSet>"
0,31,4000,Non taxable deduction,740,,"<changeSet onValidationFail=""MARK_RAN"" id=""data_general_ledger_template_31_0"" author=""cxode""> <customChange class=""com.cxode.app.wage.liquibase.DataGeneralLedgerTemplate"">","<param name=""id"" value=""31""></param>","<param name=""code"" value=""4000""></param>","<param name=""name"" value=""Non taxable deduction""></param>","<param name=""countryid"" value=""740""></param>",</customChange></changeSet>,"<changeSet onValidationFail=""MARK_RAN"" id=""data_general_ledger_template_31_0"" author=""cxode""> <customChange class=""com.cxode.app.wage.liquibase.DataGeneralLedgerTemplate""><param name=""id"" value=""31""></param><param name=""code"" value=""4000""></param><param name=""name"" value=""Non taxable deduction""></param><param name=""countryid"" value=""740""></param></customChange></changeSet>"
0,32,4100,Tax credit,740,,"<changeSet onValidationFail=""MARK_RAN"" id=""data_general_ledger_template_32_0"" author=""cxode""> <customChange class=""com.cxode.app.wage.liquibase.DataGeneralLedgerTemplate"">","<param name=""id"" value=""32""></param>","<param name=""code"" value=""4100""></param>","<param name=""name"" value=""Tax credit""></param>","<param name=""countryid"" value=""740""></param>",</customChange></changeSet>,"<changeSet onValidationFail=""MARK_RAN"" id=""data_general_ledger_template_32_0"" author=""cxode""> <customChange class=""com.cxode.app.wage.liquibase.DataGeneralLedgerTemplate""><param name=""id"" value=""32""></param><param name=""code"" value=""4100""></param><param name=""name"" value=""Tax credit""></param><param name=""countryid"" value=""740""></param></customChange></changeSet>"
0,33,4200,Tax deductions,740,,"<changeSet onValidationFail=""MARK_RAN"" id=""data_general_ledger_template_33_0"" author=""cxode""> <customChange class=""com.cxode.app.wage.liquibase.DataGeneralLedgerTemplate"">","<param name=""id"" value=""33""></param>","<param name=""code"" value=""4200""></param>","<param name=""name"" value=""Tax deductions""></param>","<param name=""countryid"" value=""740""></param>",</customChange></changeSet>,"<changeSet onValidationFail=""MARK_RAN"" id=""data_general_ledger_template_33_0"" author=""cxode""> <customChange class=""com.cxode.app.wage.liquibase.DataGeneralLedgerTemplate""><param name=""id"" value=""33""></param><param name=""code"" value=""4200""></param><param name=""name"" value=""Tax deductions""></param><param name=""countryid"" value=""740""></param></customChange></changeSet>"
0,34,4300,FVO employers premium,740,,"<changeSet onValidationFail=""MARK_RAN"" id=""data_general_ledger_template_34_0"" author=""cxode""> <customChange class=""com.cxode.app.wage.liquibase.DataGeneralLedgerTemplate"">","<param name=""id"" value=""34""></param>","<param name=""code"" value=""4300""></param>","<param name=""name"" value=""FVO employers premium""></param>","<param name=""countryid"" value=""740""></param>",</customChange></changeSet>,"<changeSet onValidationFail=""MARK_RAN"" id=""data_general_ledger_template_34_0"" author=""cxode""> <customChange class=""com.cxode.app.wage.liquibase.DataGeneralLedgerTemplate""><param name=""id"" value=""34""></param><param name=""code"" value=""4300""></param><param name=""name"" value=""FVO employers premium""></param><param name=""countryid"" value=""740""></param></customChange></changeSet>"
0,35,4400,FVO employees premium,740,,"<changeSet onValidationFail=""MARK_RAN"" id=""data_general_ledger_template_35_0"" author=""cxode""> <customChange class=""com.cxode.app.wage.liquibase.DataGeneralLedgerTemplate"">","<param name=""id"" value=""35""></param>","<param name=""code"" value=""4400""></param>","<param name=""name"" value=""FVO employees premium""></param>","<param name=""countryid"" value=""740""></param>",</customChange></changeSet>,"<changeSet onValidationFail=""MARK_RAN"" id=""data_general_ledger_template_35_0"" author=""cxode""> <customChange class=""com.cxode.app.wage.liquibase.DataGeneralLedgerTemplate""><param name=""id"" value=""35""></param><param name=""code"" value=""4400""></param><param name=""name"" value=""FVO employees premium""></param><param name=""countryid"" value=""740""></param></customChange></changeSet>"
0,36,4500,Employer retirement Contribution,740,,"<changeSet onValidationFail=""MARK_RAN"" id=""data_general_ledger_template_36_0"" author=""cxode""> <customChange class=""com.cxode.app.wage.liquibase.DataGeneralLedgerTemplate"">","<param name=""id"" value=""36""></param>","<param name=""code"" value=""4500""></param>","<param name=""name"" value=""Employer retirement Contribution""></param>","<param name=""countryid"" value=""740""></param>",</customChange></changeSet>,"<changeSet onValidationFail=""MARK_RAN"" id=""data_general_ledger_template_36_0"" author=""cxode""> <customChange class=""com.cxode.app.wage.liquibase.DataGeneralLedgerTemplate""><param name=""id"" value=""36""></param><param name=""code"" value=""4500""></param><param name=""name"" value=""Employer retirement Contribution""></param><param name=""countryid"" value=""740""></param></customChange></changeSet>"
0,37,4600,Employee retirement Contribution (Taxable),740,,"<changeSet onValidationFail=""MARK_RAN"" id=""data_general_ledger_template_37_0"" author=""cxode""> <customChange class=""com.cxode.app.wage.liquibase.DataGeneralLedgerTemplate"">","<param name=""id"" value=""37""></param>","<param name=""code"" value=""4600""></param>","<param name=""name"" value=""Employee retirement Contribution (Taxable)""></param>","<param name=""countryid"" value=""740""></param>",</customChange></changeSet>,"<changeSet onValidationFail=""MARK_RAN"" id=""data_general_ledger_template_37_0"" author=""cxode""> <customChange class=""com.cxode.app.wage.liquibase.DataGeneralLedgerTemplate""><param name=""id"" value=""37""></param><param name=""code"" value=""4600""></param><param name=""name"" value=""Employee retirement Contribution (Taxable)""></param><param name=""countryid"" value=""740""></param></customChange></changeSet>"
0,38,4700,Employee retirement Contribution (Non-Taxable),740,,"<changeSet onValidationFail=""MARK_RAN"" id=""data_general_ledger_template_38_0"" author=""cxode""> <customChange class=""com.cxode.app.wage.liquibase.DataGeneralLedgerTemplate"">","<param name=""id"" value=""38""></param>","<param name=""code"" value=""4700""></param>","<param name=""name"" value=""Employee retirement Contribution (Non-Taxable)""></param>","<param name=""countryid"" value=""740""></param>",</customChange></changeSet>,"<changeSet onValidationFail=""MARK_RAN"" id=""data_general_ledger_template_38_0"" author=""cxode""> <customChange class=""com.cxode.app.wage.liquibase.DataGeneralLedgerTemplate""><param name=""id"" value=""38""></param><param name=""code"" value=""4700""></param><param name=""name"" value=""Employee retirement Contribution (Non-Taxable)""></param><param name=""countryid"" value=""740""></param></customChange></changeSet>"
0,40,4900,APF Employer Contribution,740,,"<changeSet onValidationFail=""MARK_RAN"" id=""data_general_ledger_template_40_0"" author=""cxode""> <customChange class=""com.cxode.app.wage.liquibase.DataGeneralLedgerTemplate"">","<param name=""id"" value=""40""></param>","<param name=""code"" value=""4900""></param>","<param name=""name"" value=""APF Employer Contribution""></param>","<param name=""countryid"" value=""740""></param>",</customChange></changeSet>,"<changeSet onValidationFail=""MARK_RAN"" id=""data_general_ledger_template_40_0"" author=""cxode""> <customChange class=""com.cxode.app.wage.liquibase.DataGeneralLedgerTemplate""><param name=""id"" value=""40""></param><param name=""code"" value=""4900""></param><param name=""name"" value=""APF Employer Contribution""></param><param name=""countryid"" value=""740""></param></customChange></changeSet>"
0,41,5000,APF Employee Contribution,740,,"<changeSet onValidationFail=""MARK_RAN"" id=""data_general_ledger_template_41_0"" author=""cxode""> <customChange class=""com.cxode.app.wage.liquibase.DataGeneralLedgerTemplate"">","<param name=""id"" value=""41""></param>","<param name=""code"" value=""5000""></param>","<param name=""name"" value=""APF Employee Contribution""></param>","<param name=""countryid"" value=""740""></param>",</customChange></changeSet>,"<changeSet onValidationFail=""MARK_RAN"" id=""data_general_ledger_template_41_0"" author=""cxode""> <customChange class=""com.cxode.app.wage.liquibase.DataGeneralLedgerTemplate""><param name=""id"" value=""41""></param><param name=""code"" value=""5000""></param><param name=""name"" value=""APF Employee Contribution""></param><param name=""countryid"" value=""740""></param></customChange></changeSet>"